,EV batteries,Wind,Solar PV,Electrolysers,Power grids
France,0.23000000000000004,0.24000000000000002,0.20000000000000004,0.10000000000000002,0.23000000000000004
Germany,0.24,0.31,0.24,0.1,0.11
Italy,0.2,0.17,0.36,0.07,0.2
Netherlands,0.14,0.39,0.14,0.15,0.18
Spain,0.16,0.24,0.39,0.07,0.14
