economy,K0,HHI,chi_mean,chi_sd,gamma_mean,vulnerability_mean,vulnerability_sd
Spain,1.0,0.266700541638023,0.04861982189050635,0.005338396415449613,0.22017510288537542,9.39198879138431,0.9860973367712947
Netherlands,1.0,0.25054280136693396,0.04770592025974747,0.00646411676870516,0.21792458689352662,9.246716435845785,0.9435975362184155
Italy,1.0,0.24903736324423997,0.04410783289301516,0.004367810970912875,0.20976571713228695,8.373658395977824,0.8894186700024104
Germany,1.0,0.24010384157231932,0.042357522441581655,0.004192410311314241,0.20556218938747586,8.068500712634723,0.8988358109981023
France,1.0,0.22041343936039226,0.03891464417042932,0.0031945738906832928,0.19710409100860532,7.230175935789939,0.80331120850496
