index,resource,mean,std
0,Cobalt,0.00579700257213848,0.004146510134075876
1,Copper,0.18983811680158388,0.09602660059012502
2,Graphite,0.6236985120201486,0.10954913396099666
3,Lithium,0.044254160347473676,0.014117181113143345
4,Nickel,0.02284470209070234,0.01900297589329043
5,Rare earths,0.8605591081757227,0.16423771442260543
