economy,K0_mean,K0_std,HHI_mean,HHI_std,chi_mean,chi_std,upstream_alignment_mean,upstream_alignment_std,upstream_concentration_mean,upstream_concentration_std,supplier_entropy_mean,supplier_entropy_std,macro_sensitivity_mean,macro_sensitivity_std,gamma_mean,gamma_std,worstcase_loss_pct_mean,worstcase_loss_pct_std
France,1.0,0.0,0.22041343936039226,0.008706331153872282,0.03891464417042932,0.0031945738906832928,0.8773038979045216,0.020845179860447146,0.18710407923582212,0.010072183795394166,2.0596941840224767,0.040567941238014604,0.9045417545229384,0.06871174668370567,0.19710409100860532,0.008065679097019177,7.230175935789939,0.80331120850496
Germany,1.0,0.0,0.24010384157231932,0.01350362571542246,0.042357522441581655,0.004192410311314241,0.8727504888351164,0.022568414691272756,0.18612513615604223,0.01064214878974857,2.0657559587922445,0.04249718879083636,1.0100606198035949,0.07638479823537167,0.20556218938747586,0.01011886084370902,8.068500712634723,0.8988358109981023
Italy,1.0,0.0,0.24903736324423997,0.016364198390354516,0.04410783289301516,0.004367810970912875,0.8927571363032083,0.019495603324455872,0.1857448006241161,0.010619724501278687,2.0512113617665815,0.04384537252342772,1.0567500188832808,0.07922930290984626,0.20976571713228695,0.010338733240879519,8.373658395977824,0.8894186700024104
Netherlands,1.0,0.0,0.25054280136693396,0.02051474324813322,0.04770592025974747,0.00646411676870516,0.8637440375911413,0.024965226434986484,0.19183295689839042,0.011916312116591736,2.042684260005654,0.045509366865925105,1.1465740187077704,0.07988965617987188,0.21792458689352662,0.01470497406029756,9.246716435845785,0.9435975362184155
Spain,1.0,0.0,0.266700541638023,0.020849445735376546,0.04861982189050635,0.005338396415449613,0.8980421428348774,0.01783644497178116,0.18803468798234554,0.011029438192760654,2.036535525645192,0.04436785489349938,1.1678929729574499,0.08665107249770106,0.22017510288537542,0.011987659758993319,9.39198879138431,0.9860973367712947
