index,resource,mean,std
0,Cobalt,0.08701492735803427,0.012267185762516166
1,Copper,0.15539523687571283,0.01319351016341961
2,Graphite,0.2792514606350325,0.013051672842182546
3,Lithium,0.1240831687970446,0.010957915643979039
4,Nickel,0.10397402437596795,0.012205297555385155
5,Rare earths,0.2502811819582077,0.014766005570668064
