sample,economy,HHI_mean,HHI_std,weighted_degree_hhi_mean,weighted_degree_hhi_std,eigenvector_concentration_mean,eigenvector_concentration_std,betweenness_concentration_mean,betweenness_concentration_std,chi_mean,chi_std,worstcase_loss_pct_mean,worstcase_loss_pct_std
extended_nordic_8,Denmark,0.2826906910877232,0.02438160230645362,0.17134663655315063,0.010907333457875404,0.1438304432812487,0.008767795203352672,0.6643054248840298,0.12860550166682755,0.05315597385575108,0.007368300154405846,7.999419923916218,0.9004858900110638
extended_nordic_8,Finland,0.23716913441017898,0.011513996057090014,0.170617346055118,0.009884234705123522,0.14382229452960785,0.007422589008937508,0.6129175907607821,0.1410695040871697,0.043547881130631405,0.0038708219713279963,8.003352548748493,0.8544225944938892
extended_nordic_8,France,0.22041343936039232,0.008706331153872286,0.16909631432036953,0.009578820670797534,0.1387123614205699,0.007074799829007988,0.6453104110411659,0.12001508968485142,0.03891464417042938,0.0031945738906832936,7.230175935789938,0.8033112085049591
extended_nordic_8,Germany,0.24010384157231934,0.013503625715422449,0.1679095473723959,0.010065954455838522,0.1374775768584404,0.007247628645111447,0.6526882164998239,0.1255921601648449,0.0423575224415817,0.004192410311314239,8.068500712634723,0.8988358109981022
extended_nordic_8,Italy,0.24903736324423997,0.016364198390354516,0.17072746934261587,0.01023915399631525,0.14031814497315664,0.0077290765230479145,0.6331048127960366,0.0969748054955013,0.0441078328930152,0.004367810970912875,8.373658395977824,0.8894186700024104
extended_nordic_8,Netherlands,0.25054280136693396,0.02051474324813321,0.17243253699819536,0.011149920775715201,0.14715168290487665,0.008679345329144932,0.5808581794341614,0.1564966197783595,0.047705920259747514,0.0064641167687051575,9.246716435845785,0.9435975362184154
extended_nordic_8,Spain,0.266700541638023,0.020849445735376546,0.17395700182230128,0.01056293558025956,0.14341862039793032,0.007923133810920233,0.6271750352212955,0.10780141106398178,0.048619821890506405,0.005338396415449611,9.39198879138431,0.9860973367712946
extended_nordic_8,Sweden,0.23807742078027067,0.014107162105361205,0.16696174670648598,0.009545971613788281,0.1361871542157856,0.00704130772363718,0.6546059462634243,0.13188267995601208,0.04154778308859621,0.003994481993868395,7.659061913890843,0.7972440659497078
